{
  "random_boost": {
    "wins": 14,
    "losses": 19,
    "draws": 0,
    "turns": [
      14,
      52,
      18,
      41,
      28,
      28,
      15,
      43,
      66,
      31,
      50,
      26,
      30,
      34,
      44,
      9,
      22,
      12,
      23,
      8,
      63,
      55,
      1,
      50,
      14,
      9,
      31,
      57,
      22,
      50,
      23,
      27,
      28
    ],
    "avg_turns": 31.03030303030303
  },
  "safe_pocket": {
    "wins": 28,
    "losses": 156,
    "draws": 0,
    "turns": [
      10,
      60,
      4,
      25,
      35,
      65,
      62,
      121,
      37,
      56,
      79,
      74,
      73,
      37,
      36,
      29,
      18,
      60,
      35,
      78,
      68,
      43,
      22,
      94,
      55,
      44,
      58,
      67,
      6,
      38,
      7,
      49,
      22,
      5,
      63,
      25,
      81,
      16,
      5,
      29,
      5,
      66,
      82,
      28,
      44,
      53,
      55,
      75,
      40,
      70,
      22,
      7,
      74,
      25,
      23,
      36,
      0,
      51,
      39,
      113,
      59,
      40,
      36,
      59,
      61,
      29,
      45,
      34,
      35,
      39,
      10,
      43,
      74,
      2,
      110,
      50,
      19,
      25,
      17,
      38,
      19,
      40,
      11,
      18,
      39,
      37,
      25,
      65,
      121,
      126,
      15,
      75,
      33,
      60,
      22,
      30,
      71,
      38,
      68,
      34,
      60,
      15,
      42,
      53,
      39,
      117,
      28,
      4,
      58,
      78,
      67,
      58,
      11,
      15,
      91,
      80,
      76,
      34,
      40,
      11,
      94,
      60,
      60,
      121,
      28,
      30,
      49,
      59,
      134,
      44,
      75,
      7,
      40,
      24,
      61,
      90,
      42,
      100,
      9,
      60,
      129,
      49,
      108,
      29,
      95,
      41,
      65,
      89,
      77,
      70,
      36,
      18,
      6,
      46,
      40,
      20,
      4,
      60,
      82,
      20,
      7,
      101,
      64,
      44,
      24,
      73,
      13,
      25,
      100,
      81,
      25,
      49,
      50,
      71,
      69,
      67,
      85,
      5,
      42,
      44,
      92,
      64,
      74,
      14
    ],
    "avg_turns": 48.92391304347826
  },
  "straight_biased": {
    "wins": 12,
    "losses": 36,
    "draws": 0,
    "turns": [
      46,
      16,
      46,
      65,
      50,
      27,
      39,
      86,
      19,
      13,
      55,
      50,
      34,
      32,
      47,
      24,
      45,
      55,
      45,
      8,
      46,
      73,
      32,
      34,
      48,
      8,
      39,
      27,
      59,
      19,
      21,
      39,
      9,
      39,
      35,
      37,
      20,
      32,
      66,
      48,
      47,
      48,
      21,
      45,
      9,
      14,
      25,
      12
    ],
    "avg_turns": 36.541666666666664
  },
  "random_inertia": {
    "wins": 11,
    "losses": 19,
    "draws": 0,
    "turns": [
      21,
      34,
      55,
      21,
      36,
      36,
      39,
      40,
      26,
      15,
      36,
      18,
      30,
      68,
      20,
      18,
      20,
      25,
      61,
      66,
      53,
      61,
      29,
      44,
      20,
      36,
      62,
      25,
      15,
      23
    ],
    "avg_turns": 35.1
  },
  "cutter": {
    "wins": 9,
    "losses": 40,
    "draws": 0,
    "turns": [
      44,
      41,
      54,
      80,
      30,
      48,
      54,
      47,
      39,
      48,
      6,
      43,
      23,
      36,
      20,
      36,
      19,
      24,
      53,
      26,
      14,
      5,
      78,
      11,
      52,
      20,
      47,
      40,
      42,
      36,
      61,
      37,
      31,
      56,
      58,
      94,
      25,
      39,
      14,
      49,
      14,
      31,
      25,
      41,
      22,
      32,
      1,
      54,
      58
    ],
    "avg_turns": 37.91836734693877
  },
  "aggressive_chaser": {
    "wins": 34,
    "losses": 13,
    "draws": 0,
    "turns": [
      47,
      28,
      31,
      17,
      37,
      15,
      54,
      26,
      31,
      16,
      36,
      23,
      14,
      36,
      19,
      14,
      26,
      12,
      13,
      33,
      9,
      21,
      28,
      49,
      44,
      61,
      29,
      20,
      32,
      33,
      13,
      16,
      15,
      2,
      7,
      49,
      27,
      31,
      23,
      43,
      42,
      9,
      29,
      0,
      4,
      55,
      46
    ],
    "avg_turns": 26.914893617021278
  },
  "spiral_runner": {
    "wins": 13,
    "losses": 31,
    "draws": 1,
    "turns": [
      57,
      60,
      28,
      16,
      41,
      42,
      59,
      28,
      26,
      12,
      50,
      34,
      50,
      40,
      42,
      4,
      15,
      101,
      19,
      36,
      47,
      17,
      36,
      14,
      75,
      37,
      37,
      75,
      36,
      60,
      30,
      60,
      44,
      27,
      13,
      51,
      54,
      40,
      23,
      39,
      58,
      40,
      16,
      18,
      71
    ],
    "avg_turns": 39.51111111111111
  },
  "wall_hugger": {
    "wins": 6,
    "losses": 18,
    "draws": 1,
    "turns": [
      40,
      87,
      7,
      9,
      51,
      50,
      76,
      91,
      13,
      45,
      45,
      47,
      27,
      58,
      22,
      86,
      7,
      5,
      32,
      3,
      27,
      68,
      8,
      39,
      26
    ],
    "avg_turns": 38.76
  },
  "mirror_player": {
    "wins": 11,
    "losses": 26,
    "draws": 2,
    "turns": [
      51,
      32,
      53,
      29,
      66,
      28,
      13,
      23,
      11,
      65,
      78,
      50,
      31,
      23,
      31,
      77,
      14,
      22,
      16,
      27,
      67,
      17,
      71,
      59,
      53,
      28,
      35,
      10,
      50,
      51,
      42,
      41,
      29,
      36,
      53,
      42,
      30,
      31,
      28
    ],
    "avg_turns": 38.794871794871796
  }
}